<?xml version="1.0" encoding="UTF-8"?>
<!DOCTYPE mapper PUBLIC "-//mybatis.org//DTD Mapper 3.0//EN"
        "http://mybatis.org/dtd/mybatis-3-mapper.dtd">
 
<mapper namespace="QnaBoard">

<!-- 처음 들어갔을때 뿌려주는 쿼리 -->
<select id="qnaList" resultType="mul.camp.a.dto.BoardDto">
	SELECT BID, NAME
	FROM BOARD
	WHERE BID > 6
</select>

<!-- 목록 클릭했을때 뿌려주는 쿼리 -->
<select id="qnaCont" parameterType="Integer" resultType="mul.camp.a.dto.ContentDto">
	SELECT CID, TITLE, CONTENT, UID, BID
	FROM CONTENT
	<if test = "bid == 0">
		WHERE BID > 6
	</if>
	
	<if test = "bid > 0">
		WHERE BID = #{BID}
	</if>
</select>

<!-- 검색했을때 뿌려주는 쿼리 -->
<select id="qnaSearch" parameterType="String" resultType="mul.camp.a.dto.ContentDto">
	SELECT CID, TITLE, CONTENT, UID, BID
	FROM CONTENT
	WHERE TITLE LIKE Concat('%' , #{search} , '%')
</select>

</mapper>