<?xml version="1.0" encoding="UTF-8"?>
<!DOCTYPE mapper PUBLIC "-//mybatis.org//DTD Mapper 3.0//EN" "http://mybatis.org/dtd/mybatis-3-mapper.dtd">

        
<mapper namespace="User">

	<!-- 로그인. 노지수작성 -->
	<select id="getUserId" parameterType="String" resultType="mul.camp.a.dto.UserDto">
		SELECT * FROM user
		WHERE id=#{id}
	</select>
	
    <insert id="addUser" parameterType="mul.camp.a.dto.UserDto">
        INSERT INTO user (id, pw, name, birthdate, email, phone, location)
        VALUES (#{id}, #{pw}, #{name}, #{birthdate}, #{email}, #{phone}, #{location})
    </insert>
	
	<!-- regi아이디 나올때 아이디값 가져오기-->
    <select id="idchk" parameterType="String" resultType="Integer">
	<!-- SQL값을 가져오기-->
	<!-- SQL 멤버 테이블에서 ID(#ID) 값을 비교해서 ID이 중복될때 카운트 숫자값 표현-->
	SELECT COUNT(*)
	FROM user
	WHERE ID=#{id}
	</select>
	
    <update id="updateUser" parameterType="mul.camp.a.dto.UserDto">
        UPDATE user
        SET pw=#{pw}, email=#{email}, phone=#{phone}, location=#{location}
        WHERE uid=#{uid}
    </update>
    
    <delete id="deleteUser" parameterType="int">
        DELETE FROM user
        WHERE uid=#{uid}
        
    </delete>

    <select id="getUser" parameterType="int" resultType="mul.camp.a.dto.UserDto">
        SELECT * FROM user
        WHERE uid=#{uid}
    </select>

    <select id="getUserString" parameterType="String" resultType="mul.camp.a.dto.UserDto">
        SELECT * FROM user
        WHERE id=#{id}
    </select>

    <select id="getUserList" resultType="mul.camp.a.dto.UserDto">
        SELECT * FROM user
    </select>
    
    <!-- 통합검색으로 유저 정보 반환. 노승현작성 -->
    <select id="getTotal" parameterType="String" resultType="mul.camp.a.dto.UserDto">
    SELECT uid, id, name, birthdate, email, phone, location 
    FROM user
    WHERE 
    id = #{total} or
    name = #{total} or
    email = #{total} or
    phone = #{total} or
    location = #{total}
    
    </select>
    
    <!-- 관리자 계정인지 확인 -->
    <select id="chkAdmin" parameterType="int" resultType="int">
        SELECT count(*)
        FROM user
        WHERE 1 = #{uid}
    </select>
</mapper>