<?xml version="1.0" encoding="UTF-8"?>
<config xmlns="http://www.navercorp.com/lucy-xss-servlet">
   <defenders>
       <!-- XssPreventer 등록 -->
       <defender>
           <name>xssPreventerDefender</name>
           <class>com.navercorp.lucy.security.xss.servletfilter.defender.XssPreventerDefender</class>
       </defender>
 
       <!-- XssSaxFilter 등록 -->
       <defender>
           <name>xssSaxFilterDefender</name>
           <class>com.navercorp.lucy.security.xss.servletfilter.defender.XssSaxFilterDefender</class>
           <init-param>
               <param-value>lucy-xss-sax.xml</param-value>   <!-- lucy-xss-filter의 sax용 설정파일 -->
               <param-value>false</param-value>        <!-- 필터링된 코멘트를 남길지 여부, 성능 효율상 false 추천 -->
           </init-param>
       </defender>
 
       <!-- XssFilter 등록 -->
       <defender>
           <name>xssFilterDefender</name>
           <class>com.navercorp.lucy.security.xss.servletfilter.defender.XssFilterDefender</class>
           <init-param>
               <param-value>lucy-xss.xml</param-value>    <!-- lucy-xss-filter의 dom용 설정파일 -->
               <param-value>false</param-value>         <!-- 필터링된 코멘트를 남길지 여부, 성능 효율상 false 추천 -->
           </init-param>
       </defender>
   </defenders>
 
    <!-- default defender 선언, 별다른 defender 선언이 없으면 default defender를 사용해 필터링 한다. -->
    <default>
        <defender>xssSaxFilterDefender</defender>
    </default>
 
    <!-- global 필터링 룰 선언 -->
    <global>
        <!-- 모든 url에서 들어오는 globalParameter 파라메터는 필터링 되지 않으며 
                또한 globalPrefixParameter로 시작하는 파라메터도 필터링 되지 않는다. -->
        <params>
            <param name="globalParameter" useDefender="false" />
            <param name="globalPrefixParameter" usePrefix="true" useDefender="false" />
        </params>
    </global>
 
    <!-- url 별 필터링 룰 선언 -->
    <url-rule-set>
<!--        url disable이 true이면 지정한 url 내의 모든 파라메터는 필터링 되지 않는다.
       <url-rule>
           <url disable="true">/disableUrl1.do</url>
       </url-rule>
       
        url1 내의 url1Parameter는 필터링 되지 않으며 또한 url1PrefixParameter로 시작하는 파라메터도 필터링 되지 않는다.
        <url-rule>
            <url>/url1.do</url>
            <params>
                <param name="url1Parameter" useDefender="false" />
                <param name="url1PrefixParameter" usePrefix="true" useDefender="false" />
            </params>
        </url-rule>
        
        url2 내의 url2Parameter1만 필터링 되지 않으며 url2Parameter2는 xssSaxFilterDefender를 사용해 필터링 한다. 
        <url-rule>
            <url>/url2.do</url>
            <params>
                <param name="url2Parameter1" useDefender="false" />
                <param name="url2Parameter2">
                    <defender>xssSaxFilterDefender</defender>
                </param>
            </params>
        </url-rule> -->
        
    </url-rule-set>
</config>